source-Value,target-Value
6,0.01322774
89,0.19621141
100,0.22046226
66,0.14550509
23,0.05070632
