source-Value,target-Value
1,0.39370079
5,1.96850394
6,2.36220472
2,0.78740157
3,1.18110236
