source-Value,target-Value
1,0.45359237
18,8.16466265
101,45.8128293
33,14.9685482
12,5.44310844
