source-Value,target-Value
9,1
390,43.3333333
2456,272.888889
123,13.6666667
872,96.8888889
