source-Value,target-Value
5,3.10685596
18,11.1846815
1349,838.229738
3,1.86411358
33,20.5052493
