source-Value,target-Value
3,6.61387
7,15.4324
11,24.2508
23,50.7063
1,2.20462
