source-Value,target-Value
17,7.71107
39,17.6901
198,89.8113
33,14.9685
12,5.44311
