source-Value,target-Value
4,0.131234
17,0.557743
201,6.59449
3,0.0984252
2,0.0656168
