source-Value,target-Value
1,0.0393701
8,0.314961
17,0.669291
33,1.29921
22,0.866142
