source-Value,target-Value
15,9.32057
251,155.964
321,199.46
12,7.45645
44,27.3403
