source-Value,target-Value
1,39.3700787
1856,73070.8661
200,7874.01575
188,7401.5748
33,1299.2126
