source-Value,target-Value
5,0.00310686
180,0.111847
92,0.0571661
23,0.0142915
11,0.00683508
