source-Value,target-Value
4,43.0556417
560,6027.78983
2000,21527.8208
42,452.084238
323,3476.74306
