source-Value,target-Value
1,0.03527396
30,1.05821886
1500,52.910943
3,0.10582189
23,0.81130113
