source-Value,target-Value
10,0.33814023
39,1.31874689
200,6.76280455
3,0.10144207
30,1.01442068
