source-Value,target-Value
3,9.84252
19,62.336
20,65.6168
4,13.1234
2,6.56168
