source-Value,target-Value
15,0.590551
39,1.53543
130,5.11811
4,0.15748
41,1.61417
