source-Value,target-Value
7,1.8492
15,3.96258
98,25.8889
33,8.71768
17,4.49092
