source-Value,target-Value
1,33.8140227
5870,198488.313
35,1183.4908
112,3787.17055
99,3347.58825
