source-Value,target-Value
45,0.00103306
120,0.00275482
2300,0.05280073
1300,0.02984389
890,0.02043159
