source-Value,target-Value
2,4.473873
89,199.0873
123,275.1432
12,26.84324
33,73.81890
