source-Value,target-Value
3,0.25
37,3.08333333
12,1
169,14.0833333
44,3.66666667
